unit_id,project_id,suite,floor,model,beds,baths,interior_sqft,balcony_sqft,exposure,list_price,status
GG-01-1708,GG-01,1708,17,1B+D,1,1,612,80,SW,824000,firm
GG-01-2305,GG-01,2305,23,2B+D,2,2,876,110,W,1140000,firm
GG-01-2605,GG-01,2605,26,2B+D,2,2,880,120,W,1163000,held
GG-01-3512,GG-01,3512,35,Studio,0,1,403,35,N,539000,closed
GG-01-3604,GG-01,3604,36,1B,1,1,502,50,W,687000,available
GG-01-3809,GG-01,3809,38,2B+D,2,2,902,120,W,1256000,firm
GG-01-506,GG-01,506,5,2B,2,2,805,85,N,965000,firm
GG-01-602,GG-01,602,6,Studio,0,1,421,50,N,519000,available
GG-02-1010,GG-02,1010,10,1B+D,1,1,639,50,SE,967000,available
GG-02-1511,GG-02,1511,15,2B+D,2,2,924,125,NE,1393000,firm
GG-02-2312,GG-02,2312,23,1B+D,1,1,603,45,W,947000,available
GG-02-2805,GG-02,2805,28,2B,2,2,776,70,E,1233000,closed
GG-02-2812,GG-02,2812,28,1B,1,1,541,65,NE,839000,firm
GG-02-3502,GG-02,3502,35,1B+D,1,1,600,65,S,1004000,firm
GG-02-609,GG-02,609,6,2B,2,2,790,90,N,1132000,closed
GG-02-803,GG-02,803,8,Studio,0,1,392,50,W,583000,available
GG-03-1709,GG-03,1709,17,1B+D,1,1,607,50,SW,890000,available
GG-03-2011,GG-03,2011,20,1B,1,1,551,60,S,854000,available
GG-03-2104,GG-03,2104,21,2B+D,2,2,917,80,NW,1332000,held
GG-03-2107,GG-03,2107,21,2B+D,2,2,889,100,NE,1313000,available
GG-03-2401,GG-03,2401,24,2B,2,2,764,95,S,1197000,available
GG-03-404,GG-03,404,4,3B,3,2,1019,125,NE,1406000,firm
GG-03-807,GG-03,807,8,2B+D,2,2,916,90,SW,1330000,firm
GG-03-812,GG-03,812,8,2B,2,2,749,65,NE,1038000,available
GG-04-1803,GG-04,1803,18,1B,1,1,504,60,N,662000,firm
GG-04-2112,GG-04,2112,21,1B+D,1,1,647,55,W,887000,held
GG-04-2705,GG-04,2705,27,Studio,0,1,391,50,SE,564000,available
GG-04-2806,GG-04,2806,28,2B+D,2,2,872,80,SE,1274000,available
GG-04-3010,GG-04,3010,30,2B,2,2,789,70,SW,1159000,available
GG-04-3407,GG-04,3407,34,2B+D,2,2,939,85,NE,1331000,firm
GG-04-3701,GG-04,3701,37,3B,3,2,1122,95,SW,1676000,held
GG-04-708,GG-04,708,7,2B+D,2,2,934,100,NW,1190000,firm
GG-05-3003,GG-05,3003,30,1B,1,1,549,40,SW,708000,available
GG-05-3306,GG-05,3306,33,2B,2,2,734,100,W,933000,available
GG-05-3501,GG-05,3501,35,2B+D,2,2,933,100,N,1176000,firm
GG-05-3702,GG-05,3702,37,1B,1,1,517,55,S,689000,firm
GG-05-3803,GG-05,3803,38,2B+D,2,2,926,95,SW,1245000,available
GG-05-4007,GG-05,4007,40,3B,3,2,1026,145,NE,1320000,available
GG-05-5303,GG-05,5303,53,3B,3,2,1019,120,S,1447000,available
GG-05-5305,GG-05,5305,53,2B,2,2,798,70,S,1139000,available
GG-06-1101,GG-06,1101,11,Studio,0,1,394,40,S,459000,available
GG-06-1501,GG-06,1501,15,Studio,0,1,400,45,S,470000,available
GG-06-2202,GG-06,2202,22,1B,1,1,524,70,SW,618000,held
GG-06-4002,GG-06,4002,40,2B+D,2,2,895,110,E,1094000,firm
GG-06-4306,GG-06,4306,43,1B,1,1,515,45,NE,633000,available
GG-06-4408,GG-06,4408,44,Studio,0,1,414,35,NW,508000,firm
GG-06-4506,GG-06,4506,45,Studio,0,1,396,50,SW,500000,firm
GG-06-512,GG-06,512,5,2B,2,2,809,80,NE,877000,firm
GG-07-1010,GG-07,1010,10,2B,2,2,782,80,NE,1061000,closed
GG-07-1208,GG-07,1208,12,Studio,0,1,404,40,S,574000,firm
GG-07-1211,GG-07,1211,12,2B+D,2,2,886,130,SW,1250000,available
GG-07-1309,GG-07,1309,13,1B+D,1,1,656,70,N,869000,closed
GG-07-1410,GG-07,1410,14,2B+D,2,2,866,120,N,1158000,available
GG-07-1505,GG-07,1505,15,1B,1,1,517,60,S,750000,available
GG-07-907,GG-07,907,9,2B+D,2,2,871,95,E,1167000,available
GG-07-908,GG-07,908,9,2B,2,2,792,70,S,1133000,held
GG-08-1212,GG-08,1212,12,3B,3,2,1032,130,N,1030000,held
GG-08-1608,GG-08,1608,16,Studio,0,1,435,50,S,474000,firm
GG-08-1706,GG-08,1706,17,1B+D,1,1,607,75,S,657000,closed
GG-08-1806,GG-08,1806,18,Studio,0,1,395,50,S,433000,firm
GG-08-2106,GG-08,2106,21,2B+D,2,2,926,125,W,979000,available
GG-08-2306,GG-08,2306,23,3B,3,2,1021,145,W,1081000,available
GG-08-2804,GG-08,2804,28,Studio,0,1,432,40,E,466000,held
GG-08-409,GG-08,409,4,2B+D,2,2,894,120,NE,879000,firm
